OBJECTID;PN_CON;DIST;PAC;CEG_GD;CTMT;UNI_TR_AT;SUB;CONJ;MUN;BRR;CEP;CNAE;FAS_CON;GRU_TEN;TEN_CON;SIT_ATIV;DAT_CON;POT_INST;DEM_CONT;DEM_01;DEM_02;DEM_03;DEM_04;DEM_05;DEM_06;DEM_07;DEM_08;DEM_09;DEM_10;DEM_11;DEM_12;ENE_01;ENE_02;ENE_03;ENE_04;ENE_05;ENE_06;ENE_07;ENE_08;ENE_09;ENE_10;ENE_11;ENE_12;DIC_01;DIC_02;DIC_03;DIC_04;DIC_05;DIC_06;DIC_07;DIC_08;DIC_09;DIC_10;DIC_11;DIC_12;FIC_01;FIC_02;FIC_03;FIC_04;FIC_05;FIC_06;FIC_07;FIC_08;FIC_09;FIC_10;FIC_11;FIC_12;DESCR
1;153331;390;31071526738388883M;GD.SP.000.866.023;ESP0111;DESP-EQ-TR2;DESP;15816;3515004;JARDIM SILVIA;06.804-240;9999-9/99;ABCN;MT;49;AT;03/03/2021;2520;23.7;80;80;0;0;0;0;0;0;0;0;0;0;11741.54;1019.3;0;0;0;0;0;0;0;0;0;0;0;0;0;0;0;0;0;0;0;0;0;0;0;0;0;0;0;0;0;0;0;0;0;0;MTE0000602
2;464657;390;32570170737943962M;GD.SP.000.866.066;GUA0110;DGUA-EQ-TR3;DGUA;12913;3550308;JARDIM IPANEMA;04.784-010;8599-6/99;ABCN;MT;49;AT;12/11/2013;18188;205.9;0;0;0;0;0;0;0;0;0;0;0;0;0;0;0;0;0;0;0;0;0;0;0;0;0;0;0;0;0;0;0;0;0;0;0;0;0;0;0;0;0;0;0;0;0;0;0;0;MTE0006492
3;353645880;390;31032165739973677M;GD.SP.000.863.377;TAM0111;DTAM-EQ-TR1;DTAM;16590;3505708;ALPHAVILLE INDUSTRIAL;06.455-020;6462-0/00;ABCN;MT;49;AT;03/05/2021;70;101.8;150;150;150;107.072;75.936;0;150;128.48;229.952;252.912;284.72;61.392;9692.46;2503.55;0;0;0;0;0;0;0;0;0;0;0;0;0;0;0;0;0;0;0;0;0;0;0;0;0;0;0;0;0;0;0;0;0;0;202930344
4;316376;390;31956745740185254M;GD.SP.000.863.341;REM0113;DREM-EQ-TR2;DREM;12964;3550308;JARDIM JARAGUA;05.157-030;02/02/4930;ABCN;MT;49;AT;03/03/2018;254;92.2;110;110;110;110;110;110;110;110;110;110;110;110;3897.07;366.37;0;0;0;0;0;0;0;0;0;0;0;0;0;0;0;0;0;0;0;0;0;0;0;0;0;0;0;0;0;0;0;0;0;0;200765523
5;146047;390;31022995737516566M;GD.SP.000.863.529;ITP0109;DITP-EQ-TR1;DITP;15834;3522208;JARDIM NISSALVES;06.851-200;4663-0/00;ABCN;MT;49;AT;15/04/2016;450;193.2;200;200;221.68;200;243.52;200;276.28;200;200;200;200.76;704.68;0;1.74;0;0;0;0;0;0;0;0;0;0;0;0;0;0;0;0;0;0;0;0;0;0;0;0;0;0;0;0;0;0;0;0;0;0;202662011
6;197636;390;31377186739319385M;GD.SP.000.621.741;GVI0104;DGVI-EQ-TR1;DGVI;16599;3510609;PARQUE SANTA TERESA;06.330-287;2851-8/00;ABCN;MT;49;AT;28/11/2013;60;75.9;170;170;170;170;170;170;170;170;170;170;170;170;0;687.17;356.02;0;0;0;0;0;0;0;0;0;0;0;0;0;0;0;0;0;0;0;0;0;0;0;0;0;0;0;0;0;0;0;0;0;200000003
7;770992;390;33678334739067586M;GD.SP.000.621.715;IPR0102;DIPR-EQ-TR3;DIPR;15839;3550308;IPIRANGA;04.216-000;9420-1/00;ABC;MT;49;AT;20/06/2015;10550;0;0;0;0;0;0;0;0;0;0;0;0;0;0;0;0;0;0;0;0;0;0;0;0;0;0;0;0;0;0;0;0;0;0;0;0;0;0;0;0;0;0;0;0;0;0;0;0;0;0
8;402499;390;32296840738616422M;GD.SP.000.866.120;TSE0105;DTSE-EQ-TR1;DTSE;15822;3550308;VILA ANDRADE;05.725-060;8511-2/00;ABCN;MT;49;AT;13/05/2014;5000;26.9;140;140;140;140;140;180;180;180;180;180;180;180;2324.75;1177.98;1862.2;2251.72;2481.71;1782.27;2420.21;2747.57;4234.56;4807.18;4062.29;2961.43;0;0;0;0;0;0;0;0;0;0;0;0;0;0;0;0;0;0;0;0;0;0;0;0;MTE0002867
9;802687;390;33786592739881823M;GD.SP.000.863.577;VGU0104;DVGU-EQ-TR4;DVGU;12993;3550308;JD HEBROM;02.329-060;6512-0/00;ABCN;MT;49;AT;26/11/2013;106;9.2;90;90;90;90;90;90;90;90;90;90;90;90;1640.22;1619.47;1611.09;980.56;0;1890.85;2791.47;2863.12;3547.02;4230.14;4476.46;2497.71;0;0;0;0;0;0;0;0;0;0;0;0;0;0;0;0;0;0;0;0;0;0;0;0;200285563
10;1058036;390;34910265739356204M;GD.SP.000.621.722;MAT0105;DMAT-EQ-TR4;DMAT;12934;3550308;CIDADE LIDER;08.280-100;2599-3/99;ABCN;MT;49;AT;26/11/2013;58400;119.1;184;184;184;184;184;184;184;184;184;184;184;184;10054.76;5490.62;5949.75;0;0;0;0;0;0;0;0;0;0;0;0;0;0;0;0;0;0;0;0;0;0;0;0;0;0;0;0;0;0;0;0;0;200420337
11;195669;390;31362057740076511M;GD.SP.000.621.730;CTL0103;DCTL-EQ-TR2;DCTL;12882;3505708;RESIDENCIAL TAMBORE;06.458-110;6462-0/00;ABCN;MT;49;AT;19/12/2018;0;24.2;40;0;40;40;40;40;40;40;40;40;40;40;4771.66;8924.36;0;0;0;0;0;0;0;0;0;0;0;0;0;0;0;0;0;0;0;0;0;0;0;0;0;0;0;0;0;0;0;0;0;0;MTE0017598
12;1039713;390;34797701739381622M;GD.SP.000.592.329;VTA0105;DVTA-EQ-TR1;DVTA;12999;3550308;JD BRASILIA ZONA LESTE;03.584-000;01/09/4722;ABCN;MT;49;AT;19/11/2016;150;60.1;100;100;100;100;100;100;100;100;100;100;100;100;1597.74;881.49;678.84;597.91;0;0;0;0;0;0;0;0;0;0;0;0;0;0;0;0;0;0;0;0;0;0;0;0;0;0;0;0;0;0;0;0;201180020
13;619023;390;33087530739119455M;GD.SP.000.592.334;CLE0110;DCLE-EQ-TR1;DCLE;16577;3550308;PARAISO;04.005-000;8411-6/00;ABCN;MT;49;AT;30/09/2014;0;1053.4;1400;1400;1400;1400;1400;1400;1400;1400;1400;1400;1400;1400;251527.92;227976.35;201163.74;341311.31;275721.87;303520.81;341095.03;305860.15;385374.78;495407.3;442781;560913.9;0;0;0;0;0;0;0;0;0;0;0;0;0;0;0;0;0;0;0;0;0;0;0;0;MTE0006927
14;433218;390;32446030738961185M;GD.SP.000.592.333;PAN0102;DPAN-EQ-TR1;DPAN;12951;3550308;VILA PROGREDIOR;05.618-001;8513-9/00;ABCN;MT;49;AT;26/10/2012;1045;783.7;967.44;600;910.32;600;600;600;600;600;742.32;600;600;600;103178.25;75228.54;78543.1;120112.45;69490.22;103106.95;130129.91;92286.64;125976.24;180796.51;90811.87;73309.36;0;0;0;0;0;0;0;0;0;0;0;0;0;0;0;0;0;0;0;0;0;0;0;0;MTE0006908
15;726140;390;33520333739340687M;GD.SP.000.592.327;MON0103;DMON-EQ-TR1;DMON;16586;3550308;CAMBUCI;01.522-020;8211-3/00;ABCN;MT;49;AT;26/06/2018;3130;52.8;180;180;180;180;180;180;180;180;180;180;180;180;11477.38;6045.43;6442.48;8521.89;0;0;0;0;0;0;0;0;0;0;0;0;0;0;0;0;0;0;0;0;0;0;0;0;0;0;0;0;0;0;0;0;MTE0010578
16;451521;390;32525287738692838M;GD.SP.000.592.332;PAN0107;DPAN-EQ-TR2;DPAN;12951;3550308;FAZENDA MORUMBI;05.657-140;9499-5/00;ABCN;MT;49;AT;20/05/2017;1663;99.3;200;200;200;200;200;200;200;200;120;120;120;120;1693.57;6732.13;12337.16;10648.26;0;0;0;0;0;0;0;0;0;0;0;0;0;0;0;0;0;0;0;0;0;0;0;0;0;0;0;0;0;0;0;0;MTE0010536
17;389673750;390;31205354741320141M;GD.SP.000.863.229;JOR0106;DJOR-EQ-TR1;DJOR;12927;3509205;JORDANESIA;07.778-750;01/02/6810;ABCN;MT;49;AT;14/09/2020;3000;349.4;349.44;357.84;1125;1125;1125;1125;1125;1125;1125;1125;1125;102.48;119578.05;81986.8;117163.96;0;456527.02;0;0;0;0;0;0;0;0;0;0;0;0;0;0;0;0;0;0;0;0;0;0;0;0;0;0;0;0;0;0;0;203728668
18;1006307;390;34647085738363984M;GD.SP.000.863.210;NAC0103;DNAC-EQ-TR4;DNAC;12947;3547809;JARDIM ALZIRA FRANCO;09.290-330;2941-7/00;ABCN;MT;49;AT;19/11/2013;271;87.4;100;100;100;0;100;100;100;118.568;103.74;100.128;100;100;4088.15;4394.13;6825.01;0;80.5;0;0;0;0;0;0;0;0;0;0;0;0;0;0;0;0;0;0;0;0;0;0;0;0;0;0;0;0;0;0;0;200734870
19;448029626;390;32552809739183286M;GD.SP.000.863.418;PNH0104;DPNH-EQ-TR5;DPNH;12958;3550308;BUTANTA;05.510-001;5223-1/00;ABCN;MT;49;AT;09/02/2021;260;14.2;130;130;130;130;130;130;130;30;45.067;49.79;0;0;1583.06;1067.4;837.18;1369.76;776.63;0;0;0;0;0;0;0;0;0;0;0;0;0;0;0;0;0;0;0;0;0;0;0;0;0;0;0;0;0;0;0;203807841
20;1149233;390;35494290738537748M;GD.SP.000.532.795;NAC0302;DNAC-EQ-TR6;DNAC;12912;3550308;JARDIM SANTA BARBARA;08.380-130;01/05/6120;ABCN;MT;72;AT;03/07/2021;8000;100.8;5000;5000;10000;0;0;0;0;0;0;0;0;0;2795960.49;2881104.85;6637944.31;0;0;0;0;0;0;0;0;0;0;0;0;0;0;0;0;0;0;0;0;0;0;0;0;0;0;0;0;0;0;0;0;0;203881424
21;445138217;390;29333105737195507M;GD.SP.000.528.821;CAC2302;DCAC-EQ-TR2;DCAC;16598;3513009;BAIRRO DOS NEVES;06.729-400;03/02/5611;ABCN;MT;62;AT;12/05/2021;1200;4.8;1000;4.8;4.8;7.2;30;30;30;0;0;0;0;0;145066.76;136118.83;112809.88;218444.54;237422.05;0;0;0;0;0;0;0;0;0;0;0;0;0;0;0;0;0;0;0;0;0;0;0;0;0;0;0;0;0;0;0;203853519
22;203200;390;31427275739541738M;GD.SP.000.863.245;MBE0112;DMBE-EQ-TR4;DMBE;16585;3510609;JARDIM CECILIA CRISTINA;06.329-050;4672-9/00;ABCN;MT;49;AT;28/11/2013;695;295.7;500;500;500;500;500;500;500;500;500;500;500;500;47891.15;27020.65;31553.44;39521.25;23544.18;23720.52;0;0;0;0;0;0;0;0;0;0;0;0;0;0;0;0;0;0;0;0;0;0;0;0;0;0;0;0;0;0;200369951
23;189792;390;31316613741840413M;GD.SP.000.866.027;JOR0102;DJOR-EQ-TR1;DJOR;12927;3509205;VILA SANTA TEREZINHA;07.786-450;1099-6/02;ABCN;MT;49;AT;27/11/2013;0;110.8;170;170;170;170;170;170;170;170;170;170;170;170;9068.56;5545.55;5247.41;8804.65;9219.13;3801.11;0;0;0;0;0;0;0;0;0;0;0;0;0;0;0;0;0;0;0;0;0;0;0;0;0;0;0;0;0;0;MTE0015647
24;743439;390;33580833739217586M;GD.SP.000.863.308;MON0106;DMON-EQ-TR1;DMON;16586;3550308;VILA MONUMENTO;01.553-010;4685-1/00;ABCN;MT;49;AT;30/07/2013;331.5;100.8;150;150;150;150;150;150;150;150;150;150;153.3;150;4572.1;2532.87;2802.13;3173.7;3226.7;12958.83;0;0;0;0;0;0;0;0;0;0;0;0;0;0;0;0;0;0;0;0;0;0;0;0;0;0;0;0;0;0;200302200
25; ;390;32585492739881891M;GD.SP.000.863.224;PRI0105;DPRI-EQ-TR4;DPRI;12960;3550308;AGUA BRANCA;05.038-001;01/08/5510;ABCN;MT;49;AT;04/07/2018;287;0;80;80;80;80;80;80;80;80;80;80;80;80;3671.42;1890.7;2390.36;5945.62;0;357.81;0;0;0;0;0;0;0;0;0;0;0;0;0;0;0;0;0;0;0;0;0;0;0;0;0;0;0;0;0;0;200601591
26;365118292;390;29102551738238278M;GD.SP.000.498.570;CAC2302;DCAC-EQ-TR2;DCAC;16598;3513009;CHACARA TROPICAL;06.726-400;01/07/5211;ABCN;MT;62;AT;05/11/2020;200;146.9;265;265;265;265;265;265;146.016;162.432;144;144;144;144;19573.43;8711.95;12138.44;19304.92;19578.73;13130.95;3081.77;0;0;0;0;0;0;0;0;0;0;0;0;0;0;0;0;0;0;0;0;0;0;0;0;0;0;0;0;0;202965186
27;312769;390;31940182739754642M;GD.SP.000.474.053;OSA0108;DOSA-EQ-TR3;DOSA;12950;3534401;CENTRO;06.233-200;01/08/5510;ABCN;MT;49;AT;29/11/2013;0;79.4;150;150;150;150;150;150;150;150;150;150;140;140;7155.63;4582.97;6532.02;7378.92;7032.57;6814.41;10594.89;2531.47;0;0;0;0;0;0;0;0;0;0;0;0;0;0;0;0;0;0;0;0;0;0;0;0;0;0;0;0;MTE0014077
28;339755;390;32052455739939559M;GD.SP.000.474.055;REM0112;DREM-EQ-TR1;DREM;12964;3550308;VILA JAGUARA;05.114-001;4929-9/99;ABCN;MT;49;AT;06/11/2019;0;65.6;175;175;175;175;175;175;175;175;175;175;78;78;6589.91;9818.76;10877.65;16116.99;18101.32;14449.49;20888.24;16344.94;4967.23;5418.85;6194.81;8174.38;0;0;0;0;0;0;0;0;0;0;0;0;0;0;0;0;0;0;0;0;0;0;0;0;MTE0004472
29;702044;390;33425643739310897M;GD.SP.000.866.060;CAM0103;DCAM-EQ-TR2;DCAM;16574;3550308;ACLIMACAO;01.534-000;9420-1/00;ABCN;MT;49;AT;06/06/2015;2304;23.9;30;30;30;30;44.76;30;30;30;30;30;30;30;1873.21;1059.09;1398.65;1584.3;1974.57;1261.97;1393.33;722.84;1183.97;425.22;0;0;0;0;0;0;0;0;0;0;0;0;0;0;0;0;0;0;0;0;0;0;0;0;0;0;MTE0009098
30;359698;390;32124439739985322M;GD.SP.000.863.535;PSD0102;DPSD-EQ-TR2;DPSD;12954;3550308;JARDIM SANTO ELIAS;05.136-170;8599-6/99;ABCN;MT;49;AT;03/06/2015;100;49.1;62;62;62;62;62;62;62;62;62;69.332;62;62;71.17;11.91;53.76;64.54;11.99;0;0;0.03;0;0;0;0;0;0;0;0;0;0;0;0;0;0;0;0;0;0;0;0;0;0;0;0;0;0;0;0;200010584
31;443431473;390;31492756740164080M;GD.SP.000.863.525;CTL0102;DCTL-EQ-TR1;DCTL;12882;3547304;PARQUE IMPERIAL;06.462-080;8411-6/00;ABCN;MT;49;AT;05/02/2020;285;45.8;80;80;80;80;80;80;80;80;80;80;80;80;0;0;0;0;557.52;849.82;856.74;0;0;0;0;0;0;0;0;0;0;0;0;0;0;0;0;0;0;0;0;0;0;0;0;0;0;0;0;0;203623194
32;391407;390;32246067739292505M;GD.SP.000.474.058;JAG0108;DJAG-EQ-TR3;DJAG;15814;3550308;BUTANTA;05.508-000;8422-1/00;ABCN;MT;49;AT;14/11/2013;13230;730;1100;1100;2046.64;1100;1100;1100;1100;1100;1100;1100;1101.24;1100;99.95;292.31;47.33;275.43;59.08;203.78;717.68;750.23;0;0;0;0;0;0;0;0;0;0;0;0;0;0;0;0;0;0;0;0;0;0;0;0;0;0;0;0;MTE0003561
33;777523;390;33701476737985402M;GD.SP.000.866.063;TMO0104;DTMO-EQ-TR1;DTMO;12981;3513801;VILA NOGUEIRA;09.990-080;2099-1/99;ABCN;MT;49;AT;06/10/2014;1037;166.5;190;190;190;190;190;190;190;190;194.045;190;190;190;0;0;0;0;0;0;0;0;0;0;0;0;0;0;0;0;0;0;0;0;0;0;0;0;0;0;0;0;0;0;0;0;0;0;0;0;MTE0004452
34;919351;390;34266589738680820M;GD.SP.000.473.836;UTI0104;DUTI-EQ-TR3;DUTI;12987;3547809;JARDIM ALZIRA FRANCO;09.290-340;7711-0/00;ABCN;MT;49;AT;21/11/2013;160;91.6;210;210;210;210;210;210;210;210;210;210;210;210;16783.98;10737.24;10029.88;14492.44;17695.29;12380.16;19171.15;20717.46;18068.72;13884.12;0;0;0;0;0;0;0;0;0;0;0;0;0;0;0;0;0;0;0;0;0;0;0;0;0;0;201252271
35;445185775;390;33116131738325029M;GD.SP.000.863.511;COG0114;DCOG-EQ-TR1;DCOG;12895;3550308;VILA SANTA CATARINA;04.375-050;8520-1/00;ABCN;MT;49;AT;04/09/2020;200;102.1;159.296;50;66.998;52.3;50;50;50;50;0;50;50;50;145.9;25.23;193.6;62.03;495.3;297.49;1214.47;1284.61;792.63;3147.36;0;0;0;0;0;0;0;0;0;0;0;0;0;0;0;0;0;0;0;0;0;0;0;0;0;0;203716033
36;11869;390;29045974738437300M;GD.SP.000.474.044;VGR2304;DVGR-EQ-TR3;DVGR;16592;3513009;CH TROPICAL  C ALTO;06.726-265;01/08/4633;ABCN;MT;62;AT;01/10/2013;100;68.5;120;120;120;120;120;120;120;120;100;111.094;110.503;114.242;6121.38;2806.86;3381.27;4011.06;4772.57;2659.25;3619.53;4665.4;9260.64;0;0;0;0;0;0;0;0;0;0;0;0;0;0;0;0;0;0;0;0;0;0;0;0;0;0;0;201093639
37;472835;390;32597605740051016M;GD.SP.000.474.051;PRI0106;DPRI-EQ-TR1;DPRI;12960;3550308;NOSSA SENHORA DO O;02.927-030;02/03/4711;ABCN;MT;49;AT;06/06/2015;1116;91.6;210;210;210;210;210;210;210;210;210;210;210;210;206.45;223.33;54.65;160.32;0;24.26;32.56;139.06;376.04;483.45;0;0;0;0;0;0;0;0;0;0;0;0;0;0;0;0;0;0;0;0;0;0;0;0;0;0;MTE0000750
38;933696;390;34329548738437322M;GD.SP.000.340.624;CPE0103;DCPE-EQ-TR2;DCPE;12866;3547809;JARDIM;09.080-500;01/01/4511;ABCN;MT;49;AT;25/06/2015;163.8;36.9;115;115;115;115;115;115;115;115;0;115;115;0;2953.92;2932.06;5019.62;7531.34;7174.87;5471.48;8439.35;12424.59;10100.37;13368.57;11882.94;0;0;0;0;0;0;0;0;0;0;0;0;0;0;0;0;0;0;0;0;0;0;0;0;0;MTE0013336
39;845583;390;33941425739031076M;GD.SP.000.474.052;VFO0108;DVFO-EQ-TR1;DVFO;15818;3550308;VILA LUCIA;03.145-020;02/03/8550;ABCN;MT;49;AT;11/08/2018;1997;70.1;136;136;136;136;136;136;136;136;136;0;136;136;8028.69;4476.03;5181.65;6864.04;11167.49;6907.42;9563.25;13721.01;15121.51;12679.76;24344.53;20242.8;0;0;0;0;0;0;0;0;0;0;0;0;0;0;0;0;0;0;0;0;0;0;0;0;MTE0003873
40;350603;390;32092652739575241M;GD.SP.000.863.335;CON0108;DCON-EQ-TR2;DCON;15838;3550308;JAGUARE;05.322-000;01/03/4921;ABCN;MT;49;AT;12/09/2019;197;63.4;0;200;200;200;200;200;200;200;200;90;90;90;25726.32;2768.99;12301.61;19732.83;22046.97;16162.93;3504.93;4505.39;3626.5;4467.92;4732.76;3478.59;0;0;0;0;0;0;0;0;0;0;0;0;0;0;0;0;0;0;0;0;0;0;0;0;201297613
41;292603;390;31850253738467876M;GD.SP.000.474.049;EMB0111;DEMB-EQ-TR1;DEMB;15837;3550308;JARDIM LEONIDAS MOREIRA;05.792-000;5223-1/00;ABCN;MT;49;AT;21/11/2013;1729;92.7;97;97;97;97;97;97;97;97;0;97;97;97;1031.1;258.61;345.33;371.68;18.93;20.59;142.87;423.69;2724.39;0;0;0;0;0;0;0;0;0;0;0;0;0;0;0;0;0;0;0;0;0;0;0;0;0;0;0;MTE0007866
42;1174629;390;35663530739630105M;GD.SP.000.866.051;TIR0109;DTIR-EQ-TR2;DTIR;12983;3550308;GUAIANAZES;08.451-000;4712-1/00;ABCN;MT;49;AT;20/06/2015;95.4;7.8;33;33;33;33;33;33;33;33;33;33;33;33;1963.83;1112.18;1390.25;1683.51;1630.24;1042.67;1720.08;1914.52;2144.06;2556.04;2736.83;1920.23;0;0;0;0;0;0;0;0;0;0;0;0;0;0;0;0;0;0;0;0;0;0;0;0;MTE0014075
43;393065;390;32252529739885588M;GD.SP.000.474.060;REM0111;DREM-EQ-TR1;DREM;12964;3550308;PARQUE SAO DOMINGOS;05.113-020;01/01/6511;ABCN;MT;49;AT;10/04/2014;2910;21.2;350;350;350;350;350;350;350;350;350;350;350;350;43772.35;24445.35;39092.41;47673.65;52417.29;42050.3;59632.39;61509.32;70349.49;78857.18;73786.31;116017.3;0;0;0;0;0;0;0;0;0;0;0;0;0;0;0;0;0;0;0;0;0;0;0;0;MTE0003392
44;868699;390;34026413737818619M;GD.SP.000.474.050;PIP0104;DPIP-EQ-TR2;DPIP;12959;3548708;JARDIM CALUX;09.895-510;1813-0/01;ABCN;MT;49;AT;06/07/2017;15175;242.8;400;400;400;400;400;400;400;400;400;400;400;400;3460.65;1634.44;3298.65;3223.96;4128.3;3664.41;4297.23;6169.07;5971.34;4706.82;6650.53;11800.01;0;0;0;0;0;0;0;0;0;0;0;0;0;0;0;0;0;0;0;0;0;0;0;0;MTE0005025
45;397300;390;32271439740146199M;GD.SP.000.863.369;PSD0103;DPSD-EQ-TR1;DPSD;12954;3550308;JARDIM SANTO ELIAS;05.110-000;8411-6/00;ABCN;MT;49;AT;19/08/2016;350;17.1;65;65;65;65;65;65;65;65;65;65;65;65;4126.5;2861.92;2922.34;4256.98;4746.25;3819.37;5886.54;5948.76;7206.17;8088.22;5126.5;4069.03;0;0;0;0;0;0;0;0;0;0;0;0;0;0;0;0;0;0;0;0;0;0;0;0;202882967
46;360707080;390;33057607737326790M;GD.SP.000.473.912;PLA0102;DPLA-EQ-TR1;DPLA;16601;3550308;PARQUE RESIDENCIAL COCAIA;04.849-501;4712-1/00;ABCN;MT;49;AT;17/04/2014;60;75.6;115;115;115;115;115;115;115;115;115;115;115;115;3120.12;1280.74;1044.02;1323.18;1275.7;796.57;1265.9;2736.68;12017.77;0;0;3921.74;0;0;0;0;0;0;0;0;0;0;0;0;0;0;0;0;0;0;0;0;0;0;0;0;201972017
47;827598;390;33880822738713034M;GD.SP.000.473.870;JCI0106;DJCI-EQ-TR1;DJCI;12926;3548807;CENTRO;09.521-040;01/01/4511;ABCN;MT;49;AT;27/11/2013;30;79.6;140;140;140;140;140;140;140;140;140;140;140;140;5232.26;3359.72;3224.76;4499.95;5378.08;4298.55;6329.72;7993.21;6903.43;8173.27;9831.77;8549.47;0;0;0;0;0;0;0;0;0;0;0;0;0;0;0;0;0;0;0;0;0;0;0;0;200933817
48;589959;390;32978732738357683M;GD.SP.000.474.057;CAA0113;DCAA-EQ-TR1;DCAA;12868;3550308;VILA SANTA CATARINA;04.367-090;8513-9/00;ABCN;MT;49;AT;21/11/2013;2238;180.7;260;260;260;260;260;260;260;260;260;260;260;260;3337.5;1919.22;2633.87;1416.98;275.86;0;0;0;0;29.72;14797.97;19592.38;0;0;0;0;0;0;0;0;0;0;0;0;0;0;0;0;0;0;0;0;0;0;0;0;MTE0002302
49;825533;390;33873379737799746M;GD.SP.000.866.047;PIP0106;DPIP-EQ-TR2;DPIP;12959;3548708;JARDIM BRASILIA;09.862-040;01/03/2229;ABCN;MT;49;AT;03/07/2015;0;112.4;120;120;120;120;120;120;120;120;120;120;120;120;546.2;452.36;418.03;568.99;605.21;465.43;517.98;743.22;929.75;1115.33;991.12;991.45;0;0;0;0;0;0;0;0;0;0;0;0;0;0;0;0;0;0;0;0;0;0;0;0;MTE0017732
50;102425;390;30632837740146093M;GD.SP.000.474.564;BRU0104;DBRU-EQ-TR1;DBRU;16572;3547304;JARDIM ISAURA;06.516-090;4330-4/99;ABCN;MT;49;AT;14/04/2014;2500;30.2;400;400;400;400;400;400;0;400;400;400;400;400;78886.36;34854.6;37954.84;68266.83;64415.72;53114.69;64415.51;58398.55;68156.18;73013.99;74769.47;70213.73;0;0;0;0;0;0;0;0;0;0;0;0;0;0;0;0;0;0;0;0;0;0;0;0;MTE0012543
51;358661;390;32121328739403544M;GD.SP.000.233.804;CON0103;DCON-EQ-TR2;DCON;15838;3550308;JAGUARE;05.323-040;01/01/6511;ABCN;MT;49;AT;30/07/2015;0;91.4;115;115;115;115;115;115;115;115;115;115;115;115;1449.48;1254.64;2183.86;3019.54;2577.51;2013.89;3028.4;3991.8;4668.15;5985.09;5926.73;5945.69;0;0;0;0;0;0;0;0;0;0;0;0;0;0;0;0;0;0;0;0;0;0;0;0;MTE0014691
52;379876340;390;32428080738431222M;GD.SP.000.863.509;VAL0105;DVAL-EQ-TR2;DVAL;15819;3550308;VARZEA DE BAIXO;04.730-020;03/01/4511;ABCN;MT;49;AT;29/07/2019;270253;72.1;104.144;52.232;72.896;40.236;40;40;44.504;40;47.864;44.504;80.12;73.4;432.06;202.05;228.64;335.12;374.92;321.23;384.47;233.23;106.27;221.26;172.39;206.44;0;0;0;0;0;0;0;0;0;0;0;0;0;0;0;0;0;0;0;0;0;0;0;0;203514902
53;699368;390;33414557739484111M;GD.SP.000.476.120;BRA0111;DBRA-EQ-TR1;DBRA;12855;3550308;BRAS;03.040-030;3299-0/99;ABC;MT;49;AT;07/11/2013;300;0;0;0;0;0;0;0;0;0;0;0;0;0;0;0;0;0;0;0;0;0;0;0;0;0;0;0;0;0;0;0;0;0;0;0;0;0;0;0;0;0;0;0;0;0;0;0;0;0;0
54;642048;390;33181451739054756M;GD.SP.000.866.056;CLE0110;DCLE-EQ-TR1;DCLE;16577;3550308;VILA MARIANA;04.014-002;8411-6/00;ABCN;MT;49;AT;07/11/2013;22470;182.7;540;540;540;540;540;540;540;540;540;540;540;540;68107.46;69862.08;56273.47;108110.02;89759.53;95994.01;104823.38;96550.87;108181.56;122411.81;129425.59;149610.9;0;0;0;0;0;0;0;0;0;0;0;0;0;0;0;0;0;0;0;0;0;0;0;0;MTE0007248
55;188259;390;31305303740005576M;GD.SP.000.474.054;CTL0103;DCTL-EQ-TR2;DCTL;12882;3505708;TAMBORE;06.460-030;8423-0/00;ABCN;MT;49;AT;20/12/2017;0;32.1;150;150;150;0;150;150;150;150;150;150;150;150;10117.48;5969.1;5874.94;8895.52;9295.69;8227.92;11636.77;13683.86;17041.58;18123.27;19063.59;13481.14;0;0;0;0;0;0;0;0;0;0;0;0;0;0;0;0;0;0;0;0;0;0;0;0;MTE0010942
56;1075507;390;35030405738837728M;GD.SP.000.863.436;MAT0114;MAT0107;DMAT;12934;3550308;PARQUE SAO LOURENCO;08.340-010;02/02/6810;ABCN;MT;49;AT;18/06/2015;100;10.8;70;70;70;70;70;70;70;70;70;70;70;70;6806;4400.34;4733.8;6679.51;5415.34;4180.98;6404.81;7062.86;7330.85;6732.68;7326.95;5482.8;0;0;0;0;0;0;0;0;0;0;0;0;0;0;0;0;0;0;0;0;0;0;0;0;201647382
57;933683;390;34329426739789778M;GD.SP.000.474.048;PEN0110;DPEN-EQ-TR2;DPEN;12956;3550308;VILA LAIS;03.612-000;01/06/6920;ABCN;MT;49;AT;24/06/2018;1646;33.4;51;51;51;51;51;51;51;51;51;51;51;51;2025.33;1066.65;1172.47;1195.91;1165.01;819.79;1317.18;2349.81;1955.2;1979.26;2336.59;2965.6;0;0;0;0;0;0;0;0;0;0;0;0;0;0;0;0;0;0;0;0;0;0;0;0;MTE0007427
58;595702;390;32999222739184076M;GD.SP.000.866.034;BAN0314; ;SMNO;12839;3550308;JARDIM AMERICA;01.430-000;06/02/8640;ABCN;MT;49;AT;25/11/2013;0;27.4;30;30;30;30;30;30;30;30;67.858;30;30;30;2292.48;1498.57;1563.93;2293.72;1641.15;1387.12;1904.76;1975.24;2126.13;2825.12;3178.73;2963.3;0;0;0;0;0;0;0;0;0;0;0;0;0;0;0;0;0;0;0;0;0;0;0;0;MTE0001814
59;864712;390;34009235739484387M;GD.SP.000.162.626;CLA0109;DCLA-EQ-TR1;DCLA;12887;3550308;VILA GOMES CARDIM;03.322-001;01/01/6511;ABCN;MT;49;AT;18/11/2013;1133;47.5;105;105;105;105;105;105;105;105;105;105;105;105;666.67;597.14;1121.14;1389.78;0;0;1392.48;2118.89;4761.42;0;4862.03;0;0;0;0;0;0;0;0;0;0;0;0;0;0;0;0;0;0;0;0;0;0;0;0;0;MTE0000545
60;451980;390;32526836739013131M;GD.SP.000.163.194;PNH0111;DPNH-EQ-TR1;DPNH;12958;3550308;JARDIM GUEDALA;05.612-000; ;ABCN;MT;49;AT;06/05/2021;0;0;0;0;0;0;0;0;0;0;0;0;0;0;2769.84;1214.52;1264.55;1834.32;61555.37;0;0;0;0;0;0;0;0;0;0;0;0;0;0;0;0;0;0;0;0;0;0;0;0;0;0;0;0;0;0;0;MTE0011621
61;796045;390;33764334738919685M;GD.SP.000.866.031;CTA0113;DCTA-EQ-TR1;DCTA;15839;3550308;VILA INDEPENDENCIA;04.224-010;3299-0/03;ABCN;MT;49;AT;16/10/2014;3490;102;140;140;140;140;140;140;140;144.058;140.909;140;140;140;771.42;557.72;521.9;780.16;909.89;879.74;803.08;902.16;294.59;713.56;1191.02;1625.38;0;0;0;0;0;0;0;0;0;0;0;0;0;0;0;0;0;0;0;0;0;0;0;0;MTE0003000
62;113700;390;30732001740017936M;GD.SP.000.474.020;BRU0111;DBRU-EQ-TR3;DBRU;16572;3505708;VILA MORELLATO;06.408-050;1053-8/00;ABCN;MT;49;AT;07/10/2014;253;276;302.048;253.848;350.768;250;250;250;250;253.68;304.4;330.272;254.352;353.456;7157.99;6055.69;3659.18;4645.57;9109.24;8737.54;15127.32;8900.7;9737.63;5120.15;10115.95;7829.34;0;0;0;0;0;0;0;0;0;0;0;0;0;0;0;0;0;0;0;0;0;0;0;0;201496408
63; ;390;30754292738665085M;GD.SP.000.863.531;COT0106;DCOT-EQ-TR2;DCOT;16578;3513009;PARQUE INDUSTRIAL SAN JOS;06.715-865;1622-6/02;ABCN;MT;49;AT;03/07/2019;271.8;72.1;85;85;85;85;85;85;85;85;85;85;85;85;4717.06;2528.62;2596.66;3723.61;3879.95;2650.68;4508.24;6499.42;6162.75;7298.34;7522.97;9450.5;0;0;0;0;0;0;0;0;0;0;0;0;0;0;0;0;0;0;0;0;0;0;0;0;202596817
64;187779;390;31301219740117595M;GD.SP.000.265.540;TAM0108;DTAM-EQ-TR1;DTAM;16590;3505708;C E TAMBORE;06.460-130;8531-7/00;ABCN;MT;49;AT;17/04/2019;2000;0;630;630;630;630;630;630;630;630;630;630;630;630;11206.31;6436.61;9444.94;12050.59;26329.26;17735.23;13571.74;19983.32;23258.73;23548.72;31702.03;29278.55;0;0;0;0;0;0;0;0;0;0;0;0;0;0;0;0;0;0;0;0;0;0;0;0;202632410
65;691052;390;33380133738648884M;GD.SP.000.123.815;SAU0104;DSAU-EQ-TR2;DSAU;12975;3550308;VILA DA SAUDE;04.301-011;01/01/4511;ABCN;MT;49;AT;18/11/2013;2437;90.4;150;150;150;150;150;150;150;150;150;150;150;150;6998.79;3720.17;3863.3;5417.47;6036.23;4605.29;6428.47;9184.35;8264.57;7376.85;8876.73;7838.48;0;0;0;0;0;0;0;0;0;0;0;0;0;0;0;0;0;0;0;0;0;0;0;0;MTE0008224
66;1148127;390;35486447738698577M;GD.SP.000.056.983;GNA0110;DGNA-EQ-TR2;DGNA;12912;3550308;JARDIM RODOLFO PIRANI;08.310-165;01/08/6110;ABCN;MT;49;AT;18/04/2020;5000;131;3500;3500;3500;3500;3500;3500;3500;3500;3500;3500;3500;3500;1599320.28;1589798.73;1026324.76;2514733.12;2326616.82;2828975.07;2244979.38;2830251.39;2647174.34;1469825.04;1448329.96;1316573.5;0;0;0;0;0;0;0;0;0;0;0;0;0;0;0;0;0;0;0;0;0;0;0;0;203376604
67; ;390;31055666739989007M;GD.SP.000.048.000;TAM0111;DTAM-EQ-TR1;DTAM;16590;3505708;ALPHAVILLE INDUSTRIAL;06.455-010;6450-6/00;ABCN;MT;49;AT;16/06/2015;0;0;0;65;65;0;65;65;65;65;65;65;65;65;6889.37;4208.98;5635.04;11159.09;9989.1;7522.25;10554.32;10864.59;11374.43;14259.27;14270.1;16601.95;0;0;0;0;0;0;0;0;0;0;0;0;0;0;0;0;0;0;0;0;0;0;0;0;MTE0010972
68;649692;390;33211922738549474M;GD.SP.000.037.994;PPU0115;DPPU-EQ-TR1;DPPU;16588;3550308;JABAQUARA;04.308-000;9491-0/00;ABCN;MT;49;AT;13/12/2014;1560;11.3;64;64;64;64;64;64;64;64;64;64;64;64;341.01;174.37;153.17;228.18;258.24;177.14;179.1;312.14;247.76;239.81;268.9;275.8;0;0;0;0;0;0;0;0;0;0;0;0;0;0;0;0;0;0;0;0;0;0;0;0;MTE0003299
69; ;390;33636544739807098M;GD.SP.000.038.944;VGU0105;DVGU-EQ-TR2;DVGU;12993;3550308;VILA GUILHERME;02.060-000;4213-8/00;ABCN;MT;49;AT;22/06/2016;200;40.2;189;189;189;189;189;189;189;189;189;189;189;189;447.1;207.57;225.01;206.04;250.65;154.06;354.82;514.08;366.69;500.2;742.59;572.61;0;0;0;0;0;0;0;0;0;0;0;0;0;0;0;0;0;0;0;0;0;0;0;0;202816941
70;464050;390;32568199739364259M;GD.SP.000.037.354;BUT0111;DBUT-EQ-TR1;DBUT;12862;3550308;ALTO DE PINHEIROS;05.463-030;9312-3/00;ABCN;MT;49;AT;12/05/2014;6601;211.9;340;340;340;340;340;340;340;340;340;340;340;340;12088.23;16393.28;4486.5;14000.05;45789.26;23248.44;36539.58;14814.03;109.21;20558.67;29773.12;24521.79;0;0;0;0;0;0;0;0;0;0;0;0;0;0;0;0;0;0;0;0;0;0;0;0;MTE0008676
71;180855;390;31247527740032584M;GD.SP.000.030.582;TAM0108;DTAM-EQ-TR1;DTAM;16590;3505708;TAMBORE;06.460-020;01/06/3600;ABCN;MT;49;AT;07/12/2017;500;932.4;963;963;963;963;963;963;963;963;963;0;1137;1303.32;3239.06;4303.17;815.12;7334.62;8010.58;7126.91;11375.77;6555.79;1985.13;0;0;0;0;0;0;0;0;0;0;0;0;0;0;0;0;0;0;0;0;0;0;0;0;0;0;0;MTE0012027
72;472869;390;32597758739202922M;GD.SP.000.024.505;PNH0107;DPNH-EQ-TR3;DPNH;12958;3550308;BUTANTA;05.503-001;6422-1/00;ABCN;MT;49;AT;15/01/2013;1678;24.3;30;40;40;40;40;40;40;40;40;40;40;40;1581.34;1342.69;1018.54;1402.81;1430.18;1230.95;1950.35;2234.34;2050.92;2656.24;2584.78;2302.06;0;0;0;0;0;0;0;0;0;0;0;0;0;0;0;0;0;0;0;0;0;0;0;0;MTE0003008
73;606517;390;33037132738801085M;GD.SP.000.024.503;PPU0106;DPPU-EQ-TR2;DPPU;16588;3550308;INDIANOPOLIS;04.081-001;9313-1/00;ABCN;MT;49;AT;19/01/2019;2174;127;180;180;180;180;180;180;180;180;180;180;180;180;39918.9;35888.43;29820.3;52295.12;46039.23;49874.92;54815.65;25899.27;20702.82;56329.54;57967.92;40766.53;0;0;0;0;0;0;0;0;0;0;0;0;0;0;0;0;0;0;0;0;0;0;0;0;MTE0005420
74;159812004;390;33284723739332649M;GD.SP.000.013.924;MRE0226; ;SSJO;16574;3550308;LIBERDADE;01.508-000;9491-0/00;ABCN;MT;27;AT;31/01/2017;368.6;31;160;160;160;160;160;160;160;160;160;160;160;160;1343.84;583.99;595.71;1060.66;0;315.4;513.16;753.72;741.11;395.43;457.78;623.8;0;0;0;0;0;0;0;0;0;0;0;0;0;0;0;0;0;0;0;0;0;0;0;0;202907278
75;705009;390;33437333739738088M;GD.SP.000.027.612;CAI0102;DCAI-EQ-TR2;DCAI;16575;3550308;LUZ;01.109-010;8411-6/00;ABCN;MT;49;AT;06/11/2013;4800;165.9;165.9;160;160;350;350;350;350;350;350;350;350;350;1.13;0.4;0;0;0;0.16;0;2.88;1.23;4.57;0;0.26;0;0;0;0;0;0;0;0;0;0;0;0;0;0;0;0;0;0;0;0;0;0;0;0;MTE0006029
76;660987;390;33257355738484384M;GD.SP.000.011.287;COG0107;DCOG-EQ-TR1;DCOG;12895;3550308;JABAQUARA;04.308-001;9491-0/00;ABCN;MT;49;AT;13/12/2014;218.9;41.1;100;100;100;100;100;100;100;100;100;100;100;100;0.27;0.47;0;0;0;0;0;0.03;0;0;0;0;0;0;0;0;0;0;0;0;0;0;0;0;0;0;0;0;0;0;0;0;0;0;0;0;MTE0014597
77;407695;390;32320573739515912M;GD.SP.000.011.289;PPO0104;DPPO-EQ-TR2;DPPO;15814;3550308;PARQUE DA LAPA;05.319-085;8411-6/00;ABCN;MT;49;AT;10/10/2013;250;46.2;550;550;550;550;550;550;550;550;550;550;550;550;41629.37;25376.84;25904.01;41183.33;36476.04;29886.65;40517.01;48344.57;56809.83;63092.13;66018.27;49934.05;0;0;0;0;0;0;0;0;0;0;0;0;0;0;0;0;0;0;0;0;0;0;0;0;MTE0014406
78;351706413;390;32016759739716476M;GD.SP.000.011.288;OSA0108;DOSA-EQ-TR3;DOSA;12950;3534401;PRESIDENTE ALTINO;06.210-110;04/01/7490;ABCN;MT;49;AT;25/08/2017;1795.9;504;2510;2510;2510;2510;2510;2510;2510;2510;2510;2510;2510;2510;220226.26;183892.09;154082.2;161764.14;88872.33;99434.6;122959.66;169313.88;224784.53;331537.67;336979.09;435741.56;0;0;0;0;0;0;0;0;0;0;0;0;0;0;0;0;0;0;0;0;0;0;0;0;202870492
79;10971325;390;33071252738597008M;GD.SP.000.010.354;CAA0105;DCAA-EQ-TR2;DCAA;12868;3550308;SANTO AMARO;04.626-911;8411-6/00;ABCN;MT;49;AT;02/09/2021;384.2;95.5;150;150;150;150;150;150;150;150;150;150;150;150;31914.73;25125.14;0;0;0;0;0;0;0;0;0;0;0;0;0;0;0;0;0;0;0;0;0;0;0;0;0;0;0;0;0;0;0;0;0;0;201306447
80; ;390;32271135739694980M;GD.SP.000.008.830;LEO0109;DLEO-EQ-TR2;DLEO;12930;3550308;VILA LEOPOLDINA;05.311-030;8520-1/00;ABCN;MT;49;AT;19/06/2015;3260;39.3;85;85;85;85;85;85;85;85;85;85;85;85;331.49;84.66;216.71;215.71;597.72;298.29;396.65;970.98;1242.05;1340.02;0;610.1;0;0;0;0;0;0;0;0;0;0;0;0;0;0;0;0;0;0;0;0;0;0;0;0;MTE0008798
81;865719;390;34013452738083937M;GD.SP.000.002.539;SIL0107;DSIL-EQ-TR3;DSIL;12976;3548708;JARDIM PARAMOUNT;09.608-050;8513-9/00;ABCN;MT;49;AT;13/06/2015;506.8;61.3;72.64;80.2;73.648;79.696;50;67.264;74.656;50;50;57.184;50;50;0;0;0;0;0;0;0;0;0;0;0;0;0;0;0;0;0;0;0;0;0;0;0;0;0;0;0;0;0;0;0;0;0;0;0;0;201427960
82;950500;390;34401280738441280M;GD.SP.000.002.080;SND0115;DSND-EQ-TR1;DSND;12973;3547809;VILA SAO PEDRO;09.210-170;8531-7/00;ABCN;MT;49;AT;11/10/2016;1000;612.4;1400;1400;1400;1400;1400;1400;1400;1400;1400;1400;1400;1400;0;0;0;0;0;0;0;0;0;0;0;0;0;0;0;0;0;0;0;0;0;0;0;0;0;0;0;0;0;0;0;0;0;0;0;0;200158721
83;1048350;390;34849921739542287M;GD.SP.000.003.305;MSA0111;DMSA-EQ-TR2;DMSA;15826;3550308;PARQUE ARTUR ALVIM;03.568-020;8411-6/00;ABCN;MT;49;AT;18/12/2014;910;19.5;32;32;32;32;32;32;32;32;32;32;32;32;0;0;0;0;0;0;0;6.19;0.59;18;152.41;46.1;0;0;0;0;0;0;0;0;0;0;0;0;0;0;0;0;0;0;0;0;0;0;0;0;MTE0008020
84;554922;390;32859639738975778M;GD.SP.000.001.349;SAM0107;DSAM-EQ-TR3;DSAM;15823;3550308;VILA OLIMPIA;04.552-040;8112-5/00;ABCN;MT;49;AT;04/01/2019;3109.1;621.6;825;825;825;825;825;825;825;825;825;825;825;825;209361.76;210083.15;162332.58;307642.5;272220.43;299253.77;355279.86;306692.63;350713.03;428709.53;435992.49;399384.62;0;0;0;0;0;0;0;0;0;0;0;0;0;0;0;0;0;0;0;0;0;0;0;0;202139932
85;199400;390;31391813739002270M;GD.SP.000.001.344;COT0113;DCOT-EQ-TR1;DCOT;16578;3513009;VILA SANTO ANTONIO;06.708-000;8112-5/00;ABCN;MT;49;AT;04/01/2019;500;32.6;50;50;50;50;50;50;50;50;50;50;50;50;14948.85;15617.03;11787.34;25308.72;22637.03;21020.13;22439.15;18900.92;18927.47;22068.85;21948;27357.71;0;0;0;0;0;0;0;0;0;0;0;0;0;0;0;0;0;0;0;0;0;0;0;0;201609965
86;10981048;390;32521035738878401M;GD.SP.000.001.453;PAN0109;DPAN-EQ-TR1;DPAN;12951;3550308;MORUMBI;05.650-000;8411-6/00;ABCN;MT;49;AT;20/01/2015;700;664.4;1165;1165;1165;1165;1165;1165;1165;1165;1165;1165;1165;0;193580.21;184332.39;162915.31;300511.62;235239.78;268834.26;302869.74;267680.18;386493.54;462224.03;462886.67;0;0;0;0;0;0;0;0;0;0;0;0;0;0;0;0;0;0;0;0;0;0;0;0;0;200565029
